19,20,21,23,24,27,28,30,31,34,35,37,38,41,42,45,68,79,82,83,324,351,386,406,417,421,446,447,449,452,453,455,456,473,475,476,477,484,486,487,489,490,491,492,493,494,495,496,497,498,500,501,502,505
0,3.79863462312447,6.51665504687796,3.21583332901442,3.23482116970939,7.1036760202025,10.5256493386394,12.827678082958,13.9164468166267,17.5184999928647,19.7840017691063,23.9742155450392,25.9030693934136,30.0066095552297,30.6576215809381,35.7047650181317,29.2247818469189,14.8172794061528,12.9806045313768,8.2677901521507,37.8309524728099,33.0386143020557,28.7995120965616,23.1361068678376,14.2353425318817,12.1119024517208,35.6749004203235,33.1452018548688,27.9829651037913,24.2619517351758,20.0274276181441,15.56433438988,11.4367571452751,7.26529077188243,5.18549910808979,3.80579702559135,5.80149299749642,15.299114353452,9.2093459594045,6.30900206054809,9.29975983560866,15.7740535373759,15.2716014549883,18.9053613559752,19.1851752402734,24.0465517486396,24.8693588980496,28.6899641163944,29.6499981787521,31.928225475275,36.8480389844561,31.8853537850845,34.4653914238617,26.0943349599104
3.79863462312447,0,3.78715909356869,3.41666474796694,4.67592568375504,9.21813137246372,11.8202390838764,13.8331693403934,16.3887407081813,18.6442111391177,21.9397145377965,24.0088045100126,27.676142397379,30.9071048627981,32.5072466536309,36.7786606743639,31.2167807116621,16.3710685051404,13.2548210474529,8.7587413479335,37.1247557028999,32.8330713915101,27.3305743079065,24.612841688842,15.9087368448912,14.7090064246366,37.9281544238577,35.5084851267975,30.7920215153211,27.9239603566543,22.3630041810129,18.0530863289356,14.2986783305311,11.4887467549772,9.76923221138693,8.13085911819901,8.92837936021986,19.5334965891926,11.0382788966396,9.02054067115713,12.430046057839,20.1287345851646,19.59629508351,22.9048305167273,22.2293980350346,27.0953724646848,27.0934080728136,30.8888378706613,31.6554037251146,33.7503348724127,37.7961095749285,33.0833371049536,34.6933770769004,26.0649796086627
6.51665504687796,3.78715909356869,0,5.41089752259272,3.95627109789003,9.4676358717475,9.49411112216409,13.6882040092921,14.9495352770579,18.5356383488673,20.0981090652827,23.4896346502026,26.3384100127551,29.3518302836467,30.4984572888531,34.8001978298975,27.5385857298446,11.4970231799366,7.3352737508562,4.59537093170943,37.2741057303861,31.1871543588061,27.2323033546558,25.5080483181289,16.8478962781708,16.598420436897,36.5187450770149,34.4749605511014,29.6150329056039,27.7939818845735,22.6305745618621,17.8662768925146,14.2377561785557,12.7304115015973,9.76228272485488,8.25788508033382,9.09966394983903,17.5738108843813,6.33723417588462,6.48981401890686,10.5998641972433,19.5783494197034,19.5599655163295,22.6702044322498,21.2447739456084,26.5384424184992,27.7222529026773,30.1802195154376,31.84750043567,32.5610400632412,36.8698538782024,32.7006122725554,34.7864439976264,26.1458952992626
3.21583332901442,3.41666474796694,5.41089752259272,0,3.8098384480185,5.3139165405565,8.536010133546,9.73882154061774,12.4977535981472,14.5762588478663,18.0825255702847,20.1636753346209,23.6688294809862,27.0148024978899,28.6057639995858,32.9305055229949,27.8579892131503,14.5177752083437,13.2093458959935,7.70778781493108,33.6097040302351,29.1958640564036,24.0778925365157,20.7435433087021,12.0128020461506,11.1659090986807,33.8991050766831,31.4279285508924,26.7409627724957,24.030791934516,18.337016469426,14.01249574487,10.3125646179794,8.25639927571335,7.90022006022617,8.33852714812394,10.1215951806027,17.7652635218282,10.9430366443689,8.07960110401497,9.59276336620476,17.251773647947,16.2965852558136,19.1665037239451,18.2179900098776,23.0422068821543,23.1668709151668,26.7856025879576,27.6124427025209,29.7147796390954,33.8264357271055,29.0406089984353,30.8678963649938,22.2651074329319
3.23482116970939,4.67592568375504,3.95627109789003,3.8098384480185,0,4.67228092049269,5.67933534843647,9.12788540681794,10.2292581353684,13.9371989294836,15.8415680410747,19.59770022222,21.9860521695005,25.6392743462057,26.6133359615062,31.328195527352,25.0528432318569,10.6261041779196,7.87866651153607,3.43552470519424,33.8737368472981,28.2734376579856,24.5307112412176,20.973419034578,12.3194981228945,12.5575024586898,32.0795837566512,29.798662016943,24.8859476210973,22.7603934060903,17.7469185494271,12.8997612768609,9.2654501239821,8.26679720327044,4.95327184798089,4.04875400586403,6.34304240881298,13.5617668834116,4.5998153223798,2.87408855117583,6.24268708169807,14.7052585832416,14.6652819270548,17.6659878297252,16.3325160645872,21.5607742207927,22.9337853177359,25.4271441377124,27.0481405830419,28.1383412091047,32.7764288018082,28.2187146057364,30.7333373553866,22.2118993784863
7.1036760202025,9.21813137246372,9.4676358717475,5.3139165405565,4.67228092049269,0,3.81225130336393,4.01436121942209,6.16266370979303,8.8656531626271,12.0193158707141,14.9789722611399,17.5293638789318,21.2702591662631,22.5429414895217,27.1485063125027,22.4989284633735,11.4272095456415,12.8792051385169,6.87212026961112,29.2643282513028,24.1507571102854,20.4800595213979,15.8514886998036,7.45797438987289,7.96466848023193,27.5304588410727,24.9130489904387,19.9297770183211,16.9493700767905,12.1629301568331,7.38347634925446,3.53187655503417,4.26846037816916,3.94581157684956,8.18983675050975,11.7187161839512,11.365162955277,10.0697022796109,5.93655876750159,3.61713768054244,10.0114265217301,9.14771763884303,11.9209414057783,11.1425033542737,16.0346089132227,17.4389955272659,20.3671353164847,21.6383702020277,23.5727375160375,28.0589105454934,23.236111765956,25.7988120850554,17.3898970094708
10.5256493386394,11.8202390838764,9.49411112216409,8.536010133546,5.67933534843647,3.81225130336393,0,5.27113090332616,4.81069246574753,9.14579389664998,9.03522412560973,13.828467811005,15.6685667819364,18.6490271328024,19.1721170974934,23.7871007270748,16.0465320240855,3.67712020472543,7.94511025725886,3.636339093099,29.2063415031736,21.3979552527806,20.2061247397912,17.3915198300781,10.0739324000114,12.7311129128604,25.2970035577339,23.7901131775366,19.0037820972563,18.8796759506089,13.2527539779474,8.68927298454825,6.25183005207275,9.01396694025444,6.88914428648435,9.88492635278585,13.5943392263103,11.061386079511,6.22776123498646,5.31208537205494,3.36365604662546,11.9561469964199,12.2340154487396,14.3101907045294,11.3142317900952,16.758104457247,18.3578808689892,19.9938651340855,22.4218061047722,21.7249136476995,26.627817841498,22.834695662522,25.762202409732,17.4863588548331
12.827678082958,13.8331693403934,13.6882040092921,9.73882154061774,9.12788540681794,4.01436121942209,5.27113090332616,0,3.80106629776435,3.10233492711538,8.71946758695736,9.67712999809344,13.3073787426375,16.6685588459231,18.4706500697729,22.5087398581084,19.5690944603985,12.1063616334554,15.3041997177245,10.0423300583082,23.3852957432657,19.4376783078638,15.3887862094448,10.0116392763623,2.86219373907498,6.6313643392593,23.3550245343481,20.6202986641804,16.4862548809607,14.5297612162072,7.58696994853677,4.31553194867099,3.87318034695004,8.42676705504549,9.03210169340448,13.2568485319853,16.9166845747032,12.9298229299554,13.1564619864157,10.2173458882432,7.27853577307964,11.9307409241841,10.5753962100718,11.6500507724216,8.83128903388401,12.9171724460116,12.2307364455294,15.7560053947693,16.32636377152,18.9615516506429,22.7336267674122,17.6015697311348,19.7457565061458,11.4445467800171
13.9164468166267,16.3887407081813,14.9495352770579,12.4977535981472,10.2292581353684,6.16266370979303,4.81069246574753,3.80106629776435,0,4.72781175598183,3.50566926563245,9.7857710988966,10.6905182755561,15.4025713762346,14.9325650174376,20.5750682623412,14.7743636749608,7.96751837148807,13.3173585218691,8.49721919218282,25.4878510274994,19.0962924935706,17.8844752229413,13.171696853481,7.92154012803066,11.1450362942433,19.6034264606981,17.363068651595,12.1201901387726,10.9338370209181,8.2593979199455,4.33469110779534,4.09945130474799,8.46723083422201,8.63228550269279,12.7929559914822,16.3463267127511,4.18433746249033,9.86007530397208,8.72621441405149,4.1076862100214,4.64700537981182,6.50249698192933,7.06200885017854,4.20302795612877,9.37174210059154,12.2546211283744,13.6554489490459,16.9720125206176,16.3757539368421,22.3031113972916,17.8328812590675,21.347760608551,13.5911862616918
17.5184999928647,18.6442111391177,18.5356383488673,14.5762588478663,13.9371989294836,8.8656531626271,9.14579389664998,3.10233492711538,4.72781175598183,0,3.80935860742987,4.60356763825623,6.67509782699849,10.3899762271143,12.0747292309186,16.1174769117254,14.9082948723186,13.4207413357087,18.9298744317019,13.7973553262935,20.2284787861075,14.2355552051896,13.9634713449056,6.70794454359903,5.09929102915297,9.10628008574303,16.8921608742043,14.5205749541814,10.4274376526547,10.6303085561991,2.92704253470974,3.33915588135684,6.30515098946885,11.8560327260007,13.0122688644218,17.4941021775912,21.0729516916829,11.6353111260507,16.194324345276,14.2229827040604,10.0026725928624,11.2762860907304,10.658226963243,9.62260619582866,3.53285394546675,8.08363439301903,7.74606190267028,10.1244147485176,11.4301349948284,12.5405411765203,16.964565128526,12.455969532718,15.6675586164533,8.01818695217317
19.7840017691063,21.9397145377965,20.0981090652827,18.0825255702847,15.8415680410747,12.0193158707141,9.03522412560973,8.71946758695736,3.50566926563245,3.80935860742987,0,5.5806700314568,5.50820823861989,9.79631282677314,9.44741456695958,15.0683972273099,10.4709686753423,9.56377963987042,16.0635336710202,13.1907798859658,22.2481205498352,14.2937548950582,16.32613420256,13.4527169746487,12.2982438583726,14.9510081599871,14.266803531275,12.3228998616397,7.29503666885918,10.3106749536585,7.95433290729021,7.31651781929081,8.57318056499453,12.5845777442074,14.0578691486299,18.0142657080437,21.1641688473703,6.80333455005705,13.2858545453426,13.2758185435023,8.19859158636409,7.8593881441242,10.019137188401,9.15475777942814,3.39327658760674,7.29518512445024,9.1167488174239,9.17631135042834,12.9178034510516,11.0230718495345,16.9865394062475,13.4063175406224,17.7467401231888,11.0020322668133
23.9742155450392,24.0088045100126,23.4896346502026,20.1636753346209,19.59770022222,14.9789722611399,13.828467811005,9.67712999809344,9.7857710988966,4.60356763825623,5.5806700314568,0,3.80016447012494,5.70344641423061,8.77218017370825,11.7109504738087,12.6448043480316,15.7073301041265,21.692812173621,18.1450119041019,13.1829542212662,7.8552294046705,7.54045542391174,10.4333197976483,11.6713347994135,16.2756331059655,14.1709496506056,12.5158600982913,9.67783916998004,14.3206367875175,8.01484160791715,10.4246919858574,13.016234670595,18.6363268913163,19.3452966118382,23.6151988981673,27.2704924964695,16.1058628766049,20.2276633598644,19.6250419872162,15.0911301763652,16.1655555425726,16.3977819841587,14.8093030220872,7.31999077868271,10.7759348086373,9.30110402049133,8.92615869229312,10.8199250921621,9.54275285229582,12.1802844383865,8.44315450527823,9.954874635072,3.65729544882554
25.9030693934136,27.676142397379,26.3384100127551,23.6688294809862,21.9860521695005,17.5293638789318,15.6685667819364,13.3073787426375,10.6905182755561,6.67509782699849,5.50820823861989,3.80016447012494,0,4.22653392273149,4.18268562050747,8.35088618052,9.7569967715481,16.2692880299047,22.6938771918771,19.881901468421,17.5240786063062,9.68436198208225,14.363925438403,13.0260855977535,14.9428251010309,18.1103562913599,8.29923086797806,6.29335037956731,2.82724795516771,11.0072101369966,8.65821286409614,11.377869879727,14.2548252532257,19.0666603525631,20.5345458435291,24.7760874029779,28.1811669204808,14.2773312982504,20.4446973320712,20.3078706416995,15.2676496553988,13.9008774543192,15.7513349910412,13.4865567140023,6.13791373350913,6.96538046340614,6.66289824325721,3.97380648748778,6.85571104992035,3.9888508370206,9.82483811571468,6.78154827454616,12.5648144435165,8.3611538677386
30.0066095552297,30.9071048627981,29.3518302836467,27.0148024978899,25.6392743462057,21.2702591662631,18.6490271328024,16.6685588459231,15.4025713762346,10.3899762271143,9.79631282677314,5.70344641423061,4.22653392273149,0,3.82124639352136,3.697964440067,11.0714115631206,19.6785328213259,25.6329415596416,23.2964629933387,10.1947111778608,3.93438216242398,11.506676931243,15.4965651355389,18.2175466240655,22.2179950040502,7.74113221693055,7.54368305272696,7.15817364975173,16.0957003575489,12.7125659486982,15.9452906527288,18.754933804202,24.1030186906122,24.996037405957,29.1777615659598,32.7340744790501,19.4889418388993,24.7917195047056,24.7797407774981,19.9809786296868,19.406759518271,20.9524681362364,18.6590010718688,11.2752652296964,11.9168131646007,10.7126497655809,7.6545088673278,7.85738767021203,3.83830483416833,2.72693875985508,3.11459628202437,7.18103342145126,7.55015940229079
30.6576215809381,32.5072466536309,30.4984572888531,28.6057639995858,26.6133359615062,22.5429414895217,19.1721170974934,18.4706500697729,14.9325650174376,12.0747292309186,9.44741456695958,8.77218017370825,4.18268562050747,3.82124639352136,0,4.32959212859595,7.51290183617489,18.8707734340699,24.9910962744734,23.7861775827895,17.4949668476394,7.52589323602189,17.0608349443982,17.3220988624358,20.2240129301778,23.2832941397904,4.82715993105677,4.91695729084563,3.08872400838922,13.5940637044263,13.753537763063,16.7421576267816,19.3168455499339,23.8052348024547,25.206132388766,29.1827866044352,32.4779458402159,17.5096468839323,23.7358025354105,24.3364974267046,19.4790919962918,17.4890298473071,20.2875195871748,17.5333804213563,11.2626357483495,9.50408280687832,10.112941560199,6.57758025416642,8.31359825827541,2.57374454831866,8.69821182772643,7.9890418073759,14.2273278587372,11.7986617037696
35.7047650181317,36.7786606743639,34.8001978298975,32.9305055229949,31.328195527352,27.1485063125027,23.7871007270748,22.5087398581084,20.5750682623412,16.1174769117254,15.0683972273099,11.7109504738087,8.35088618052,3.697964440067,4.32959212859595,0,12.3231546691584,24.1582962561518,30.0251129723104,28.50258458456,13.0656885773387,4.0302342363689,16.543489656055,19.398563374642,23.2133991694452,27.0372927268985,5.96522564535492,7.61000781865564,8.57159133416894,18.3301435346262,17.3819107407673,21.1628714025295,24.1997622715596,28.9533605303426,30.516482202246,34.5860532874163,38.0414717643784,23.5463861770761,29.4029205692224,29.8952705791401,25.1118774487293,22.9320450679829,25.285878766616,22.4498785965537,16.0179768385399,14.2230080503387,13.6434727617275,10.0806131757944,9.79226766382537,3.56510785250601,4.36065866584396,6.55458686722512,11.7439149775533,11.738492961194
29.2247818469189,31.2167807116621,27.5385857298446,27.8579892131503,25.0528432318569,22.4989284633735,16.0465320240855,19.5690944603985,14.7743636749608,14.9082948723186,10.4709686753423,12.6448043480316,9.7569967715481,11.0714115631206,7.51290183617489,12.3231546691584,0,14.2676597590495,19.0525041398762,20.4624191385085,25.8460608410643,15.515213018196,23.081223126169,23.6205607257745,23.610027805998,26.5605245053632,11.2677158732371,12.6852413063371,9.80742198541492,17.5581754746898,18.4013737802372,18.7522770883965,20.1073707878479,23.9710861247462,24.1762460899123,27.1299470143235,30.1392268149002,16.102720204984,19.9654852432892,21.9136108845621,18.226273371153,18.3374414791159,21.7098474660694,20.257286343437,14.0337830252573,14.6606066040938,17.0682434362766,14.4576675158893,17.0261537054028,11.9651304631416,17.4229341673554,17.0479056191662,22.7129426539143,18.9504269345047
14.8172794061528,16.3710685051404,11.4970231799366,14.5177752083437,10.6261041779196,11.4272095456415,3.67712020472543,12.1063616334554,7.96751837148807,13.4207413357087,9.56377963987042,15.7073301041265,16.2692880299047,19.6785328213259,18.8707734340699,24.1582962561518,14.2676597590495,0,4.2705026636217,5.36591613799545,32.4332049141,23.4099981631781,24.514255118196,22.5920264031361,17.0175410973501,19.4718975192455,24.8473773465129,23.680451030333,18.804906859647,20.2538474369686,17.1041147388574,13.2842281672666,11.9055377870972,13.9233809471694,11.3167947759072,12.2497537118099,14.8268651440552,9.41379880813267,4.15751825011028,7.69545534715133,6.72238953051666,12.762176068367,15.2035770462086,16.7908393179138,12.9015355675206,18.2364948934821,20.4132009003978,20.879785966336,24.5761979972493,21.9296653189236,27.5433776069675,24.5686159764851,28.6518866743536,21.5286500505721
12.9806045313768,13.2548210474529,7.3352737508562,13.2093458959935,7.87866651153607,12.8792051385169,7.94511025725886,15.3041997177245,13.3173585218691,18.9298744317019,16.0635336710202,21.692812173621,22.6938771918771,25.6329415596416,24.9910962744734,30.0251129723104,19.0525041398762,4.2705026636217,0,3.82797962377022,37.3385071742297,28.957672782874,27.9300187969862,27.4585617613159,20.0930158512852,21.6748223522132,31.0741662156847,30.0947997501229,25.2520088903834,25.9586883143197,22.6108063987112,18.079325900044,15.6541801126728,15.8291115985705,12.0384434625079,11.2972451951792,12.9970335461597,12.7396981910876,3.63393024148786,7.50920641612681,9.22016952121814,16.9139597078863,19.1731931612864,21.6505287233361,18.763304053391,24.2832850537154,26.5705993910563,27.3553581040351,31.0230722366435,28.2932075240684,33.7615145839164,30.9046883821856,34.4533246146145,26.4893671121075
8.2677901521507,8.7587413479335,4.59537093170943,7.70778781493108,3.43552470519424,6.87212026961112,3.636339093099,10.0423300583082,8.49721919218282,13.7973553262935,13.1907798859658,18.1450119041019,19.881901468421,23.2964629933387,23.7861775827895,28.50258458456,20.4624191385085,5.36591613799545,3.82797962377022,0,33.3763269848556,25.9341860485345,24.0998367006916,21.9312539085206,14.1822097714002,15.6281757092759,29.5946687428665,27.7352221191755,22.7014496673671,22.1078392431282,17.5752364422218,12.673190482274,9.767452636179,10.1131999881343,6.41007464855129,7.48736435603344,10.7948081502174,11.4545051835511,3.33372599353936,2.81656546169266,3.53847170399877,13.2943607217497,14.392021748177,17.1087416837125,14.7441713568447,20.3399668878787,22.4048821911654,23.9111648189711,26.723316878711,26.0175538819467,31.0569055445001,27.1722806183066,30.3182501803782,22.0985092031114
37.8309524728099,37.1247557028999,37.2741057303861,33.6097040302351,33.8737368472981,29.2643282513028,29.2063415031736,23.3852957432657,25.4878510274994,20.2284787861075,22.2481205498352,13.1829542212662,17.5240786063062,10.1947111778608,17.4949668476394,13.0656885773387,25.8460608410643,32.4332049141,37.3385071742297,33.3763269848556,0,9.51567764271153,9.05308753961874,17.0961669095736,22.5702026131801,27.7111780153786,18.9393452368344,18.4784957179961,19.9057938550564,24.7090686590976,20.6657742172898,23.641522476355,27.7494765896584,33.0986899136507,34.3032393368323,38.619002330459,42.299289698528,32.1045468586616,36.3841074784033,34.9871873833836,31.1096863050722,30.6904397817952,30.5905254286356,28.2110254687773,22.6044759063332,22.4293641684289,18.2636989955485,17.9433971421245,15.6765876707911,13.6553907670194,9.30596459266851,8.71184217028752,6.32945092405336,9.85308220812148
33.0386143020557,32.8330713915101,31.1871543588061,29.1958640564036,28.2734376579856,24.1507571102854,21.3979552527806,19.4376783078638,19.0962924935706,14.2355552051896,14.2937548950582,7.8552294046705,9.68436198208225,3.93438216242398,7.52589323602189,4.0302342363689,15.515213018196,23.4099981631781,28.957672782874,25.9341860485345,9.51567764271153,0,10.0568769009072,18.4736848787674,21.2107964254056,25.8417618207428,11.6257281922467,12.6666420964674,12.6805386715234,21.4586982596802,16.9641628440663,19.9119142223946,22.610052764202,28.2447166563943,28.6266435685359,32.6694514799376,36.3766303277255,24.6501610136729,28.4426950551455,28.3361360456926,24.167083833181,24.8858840510037,25.8348579442582,23.810037106229,16.2968552181088,17.3500252737568,15.5895612510423,13.1116386847716,13.198355768807,8.62624489566578,6.42840734552502,7.69239507565752,9.7247277082703,10.1403000941787
28.7995120965616,27.3305743079065,27.2323033546558,24.0778925365157,24.5307112412176,20.4800595213979,20.2061247397912,15.3887862094448,17.8844752229413,13.9634713449056,16.32613420256,7.54045542391174,14.363925438403,11.506676931243,17.0608349443982,16.543489656055,23.081223126169,24.514255118196,27.9300187969862,24.0998367006916,9.05308753961874,10.0568769009072,0,14.478440834565,16.5911152729405,21.6248445081115,21.3668321938466,19.9779395333953,19.1473867929804,22.2552801824646,15.9231120701953,17.2720736739976,20.3003488147372,25.4814422276291,25.9883420209909,29.9194605733459,33.6674285771872,26.2323742920842,27.4662831304128,26.1817714259368,23.3798318214653,26.0232104091713,24.9321842204007,23.696281016227,17.5621721037006,19.9484372570886,16.0456993926722,17.088957282409,15.960140287604,16.1656485486973,14.9171970892658,11.8960078177513,9.84821328972926,6.6768188533163
23.1361068678376,24.612841688842,25.5080483181289,20.7435433087021,20.973419034578,15.8514886998036,17.3915198300781,10.0116392763623,13.171696853481,6.70794454359903,13.4527169746487,10.4333197976483,13.0260855977535,15.4965651355389,17.3220988624358,19.398563374642,23.6205607257745,22.5920264031361,27.4585617613159,21.9312539085206,17.0961669095736,18.4736848787674,14.478440834565,0,4.93609349587303,9.70099747448684,19.3494591655684,15.8004255005997,13.3705729495785,9.21588118412993,5.3341149218966,7.82075117875514,12.012450873989,16.7809427029592,19.4271013020471,23.9194708344478,27.0817010359394,18.5957215778254,23.9993548871631,21.718779569764,16.4192653916063,15.5323315699865,13.819733933763,11.7961742103107,9.14102472373858,10.0589848891426,2.71300774049762,11.1922532583926,6.75313697476958,14.3896870709547,16.938651687782,11.4875506527719,13.0679705386873,8.15208231067376
14.2353425318817,15.9087368448912,16.8478962781708,12.0128020461506,12.3194981228945,7.45797438987289,10.0739324000114,2.86219373907498,7.92154012803066,5.09929102915297,12.2982438583726,11.6713347994135,14.9428251010309,18.2175466240655,20.2240129301778,23.2133991694452,23.610027805998,17.0175410973501,20.0930158512852,14.1822097714002,22.5702026131801,21.2107964254056,16.5911152729405,4.93609349587303,0,4.24027334024588,23.4046490467172,19.9697269635816,16.3865100921459,11.0553362228383,5.10780980460315,3.77302968448434,4.71247376650523,8.7543741066966,11.0868582114141,15.3795911844236,18.6142741733327,14.586254796897,16.9836359770221,13.5849570849525,9.83339661561558,12.2870786194278,9.57320980653824,9.86308476086462,8.3770088337067,11.6352862448674,7.19285548304705,14.9010586872209,12.5359807753522,18.9960932825673,22.1480320118967,16.3977038941432,18.3244133876094,11.5343558987921
12.1119024517208,14.7090064246366,16.598420436897,11.1659090986807,12.5575024586898,7.96466848023193,12.7311129128604,6.6313643392593,11.1450362942433,9.10628008574303,14.9510081599871,16.2756331059655,18.1103562913599,22.2179950040502,23.2832941397904,27.0372927268985,26.5605245053632,19.4718975192455,21.6748223522132,15.6281757092759,27.7111780153786,25.8417618207428,21.6248445081115,9.70099747448684,4.24027334024588,0,26.3989270615304,22.8176676283971,18.2923158457315,11.2963190464859,7.24527528807568,4.59333114416977,3.87459107519749,6.08440309315549,10.7080039689944,14.1511379401093,16.6401781540944,15.3643890213702,18.101119771992,14.1303032168457,10.8291215248514,11.9575298452481,8.12240887914417,7.81979392311588,9.7868010606122,13.1792514582582,9.94937188972249,17.9827861300745,15.6521533662305,22.5321243783182,26.551170294358,20.599108937039,23.2274575018447,16.4529997568832
35.6749004203235,37.9281544238577,36.5187450770149,33.8991050766831,32.0795837566512,27.5304588410727,25.2970035577339,23.3550245343481,19.6034264606981,16.8921608742043,14.266803531275,14.1709496506056,8.29923086797806,7.74113221693055,4.82715993105677,5.96522564535492,11.2677158732371,24.8473773465129,31.0741662156847,29.5946687428665,18.9393452368344,11.6257281922467,21.3668321938466,19.3494591655684,23.4046490467172,26.3989270615304,0,3.79148757086186,6.01211402087485,15.0262312307511,16.558969955888,20.7434092424558,23.5456953815342,27.4880411997654,30.0241253827651,34.1704624932119,37.2855009487602,21.3866867934236,29.0832895835392,29.4757000595406,24.263867581241,20.0560910448671,23.3881060798005,20.1422009969119,15.3030473109116,11.4254688744051,12.2251935771995,8.53997898123877,8.49536538354884,3.54672947939366,8.24433799646764,9.20192251651795,15.1584475128557,13.8901103667322
33.1452018548688,35.5084851267975,34.4749605511014,31.4279285508924,29.798662016943,24.9130489904387,23.7901131775366,20.6202986641804,17.363068651595,14.5205749541814,12.3228998616397,12.5158600982913,6.29335037956731,7.54368305272696,4.91695729084563,7.61000781865564,12.6852413063371,23.680451030333,30.0947997501229,27.7352221191755,18.4784957179961,12.6666420964674,19.9779395333953,15.8004255005997,19.9697269635816,22.8176676283971,3.79148757086186,0,3.75375398767687,11.655791393123,13.0735091693088,17.8416968083195,20.7653047413227,24.6078685180168,27.5139073379264,31.7979222119937,34.8921815167811,19.3869703925085,27.3868589473127,27.361648378707,21.7691886849281,17.2194064357631,20.3317871816523,16.8745870764295,12.6711707825283,8.06695537362145,8.62167721502029,5.10504622897775,5.14142908149087,3.7403970377488,8.60904472052504,7.34298481545482,13.6571760258115,11.4654514956891
27.9829651037913,30.7920215153211,29.6150329056039,26.7409627724957,24.8859476210973,19.9297770183211,19.0037820972563,16.4862548809607,12.1201901387726,10.4274376526547,7.29503666885918,9.67783916998004,2.82724795516771,7.15817364975173,3.08872400838922,8.57159133416894,9.80742198541492,18.804906859647,25.2520088903834,22.7014496673671,19.9057938550564,12.6805386715234,19.1473867929804,13.3705729495785,16.3865100921459,18.2923158457315,6.01211402087485,3.75375398767687,0,5.72573436338082,9.21383644308928,13.0132656547079,15.5898193382733,19.0822940182778,22.2392608914955,26.4526743260488,29.4147586255607,13.8576328786702,22.1709040411076,22.0727790275715,16.3023964496021,11.270214461136,14.8263856013527,11.2450631389957,7.80414159276983,3.12743009514202,5.67575492776071,3.7519549570857,6.69749221724072,3.91386829109003,10.7538555876486,8.72428856698355,15.0421238527011,11.3206742732048
24.2619517351758,27.9239603566543,27.7939818845735,24.030791934516,22.7603934060903,16.9493700767905,18.8796759506089,14.5297612162072,10.9338370209181,10.6303085561991,10.3106749536585,14.3206367875175,11.0072101369966,16.0957003575489,13.5940637044263,18.3301435346262,17.5581754746898,20.2538474369686,25.9586883143197,22.1078392431282,24.7090686590976,21.4586982596802,22.2552801824646,9.21588118412993,11.0553362228383,11.2963190464859,15.0262312307511,11.655791393123,5.72573436338082,0,3.79100593510482,9.12767160890443,11.9312265086201,13.8893829236579,18.9279138047488,22.948507010261,25.1881940996174,11.4341077920404,20.8167637734591,19.72348663396,13.3730250130627,5.55943603254862,9.11582585397506,4.39450292979764,5.3842176776204,3.56513870697902,4.61989967423536,8.65129157987407,7.6720864176572,13.2547391147468,18.8086457247724,13.3697092713342,18.5440076844246,13.3822614307149
20.0274276181441,22.3630041810129,22.6305745618621,18.337016469426,17.7469185494271,12.1629301568331,13.2527539779474,7.58696994853677,8.2593979199455,2.92704253470974,7.95433290729021,8.01484160791715,8.65821286409614,12.7125659486982,13.753537763063,17.3819107407673,18.4013737802372,17.1041147388574,22.6108063987112,17.5752364422218,20.6657742172898,16.9641628440663,15.9231120701953,5.3341149218966,5.10780980460315,7.24527528807568,16.558969955888,13.0735091693088,9.21383644308928,3.79100593510482,0,3.9692433787814,8.14279693962707,12.2901396656018,15.3301447155596,19.8877348383369,22.98987105227,12.9808037116351,18.9091043944445,17.1859402419536,11.4157845109305,9.1176620906897,8.61268204452016,5.27511601768151,3.2835263056659,4.67240933566399,3.3836623649531,8.07458054638134,7.35188064375368,12.7113386391835,17.1404393467612,11.1592894935117,15.3586530984979,8.40477447645087
15.56433438988,18.0530863289356,17.8662768925146,14.01249574487,12.8997612768609,7.38347634925446,8.68927298454825,4.31553194867099,4.33469110779534,3.33915588135684,7.31651781929081,10.4246919858574,11.377869879727,15.9452906527288,16.7421576267816,21.1628714025295,18.7522770883965,13.2842281672666,18.079325900044,12.673190482274,23.641522476355,19.9119142223946,17.2720736739976,7.82075117875514,3.77302968448434,4.59333114416977,20.7434092424558,17.8416968083195,13.0132656547079,9.12767160890443,3.9692433787814,0,3.51365365396193,8.20672443792284,10.50430169026,15.0873325674223,18.4026823588302,9.68109859468438,14.0593255172501,12.0026075916861,6.68369875143995,8.05391196872676,5.48654435870157,5.36017639635115,4.22691719814808,8.52667719571933,9.11176761117183,13.1246550430859,13.3520598410882,16.8779573704877,21.4781911249528,15.8602364736469,19.0337824932408,11.5538582733215
11.4367571452751,14.2986783305311,14.2377561785557,10.3125646179794,9.2654501239821,3.53187655503417,6.25183005207275,3.87318034695004,4.09945130474799,6.30515098946885,8.57318056499453,13.016234670595,14.2548252532257,18.754933804202,19.3168455499339,24.1997622715596,20.1073707878479,11.9055377870972,15.6541801126728,9.767452636179,27.7494765896584,22.610052764202,20.3003488147372,12.012450873989,4.71247376650523,3.87459107519749,23.5456953815342,20.7653047413227,15.5898193382733,11.9312265086201,8.14279693962707,3.51365365396193,0,3.66198047509814,6.9288392967365,11.4000440350027,14.307792981449,8.37701892083335,11.2823165174533,8.79679015323203,3.76319824085843,6.18476798271367,4.4264267756284,6.94409115723577,6.83798756945346,11.5215294123654,12.6082067321249,16.2711785067954,17.5832412541033,19.909115826676,25.0505258627439,19.9003417307342,23.3823900831374,15.6829177451136
7.26529077188243,11.4887467549772,12.7304115015973,8.25639927571335,8.26679720327044,4.26846037816916,9.01396694025444,8.42676705504549,8.46723083422201,11.8560327260007,12.5845777442074,18.6363268913163,19.0666603525631,24.1030186906122,23.8052348024547,28.9533605303426,23.9710861247462,13.9233809471694,15.8291115985705,10.1131999881343,33.0986899136507,28.2447166563943,25.4814422276291,16.7809427029592,8.7543741066966,6.08440309315549,27.4880411997654,24.6078685180168,19.0822940182778,13.8893829236579,12.2901396656018,8.20672443792284,3.66198047509814,0,3.91321721860671,7.65709847135323,10.3179659332642,8.28934719987045,10.7417850006412,7.29630385880413,4.53428108965467,5.82966551356079,4.52730140370619,8.5799445802406,10.910723669858,14.7650733150906,16.986713572672,20.3694684270356,21.3461068581603,24.345275044657,29.9392221341838,24.5987439719999,28.6113879949925,21.0366477842835
5.18549910808979,9.76923221138693,9.76228272485488,7.90022006022617,4.95327184798089,3.94581157684956,6.88914428648435,9.03210169340448,8.63228550269279,13.0122688644218,14.0578691486299,19.3452966118382,20.5345458435291,24.996037405957,25.206132388766,30.516482202246,24.1762460899123,11.3167947759072,12.0384434625079,6.41007464855129,34.3032393368323,28.6266435685359,25.9883420209909,19.4271013020471,11.0868582114141,10.7080039689944,30.0241253827651,27.5139073379264,22.2392608914955,18.9279138047488,15.3301447155596,10.50430169026,6.9288392967365,3.91321721860671,0,3.82465187958329,6.92874476366391,10.2570489420691,7.96649546538502,3.99040824979099,3.68835057986629,10.1233278125328,10.0843920491024,13.5234772525412,13.4990645601834,18.4726324599392,20.5773149851967,23.2183479601801,24.7889954616963,26.4678859941628,31.7563278418648,26.8462875459532,30.274255168377,22.2541416594754
3.80579702559135,8.13085911819901,8.25788508033382,8.33852714812394,4.04875400586403,8.18983675050975,9.88492635278585,13.2568485319853,12.7929559914822,17.4941021775912,18.0142657080437,23.6151988981673,24.7760874029779,29.1777615659598,29.1827866044352,34.5860532874163,27.1299470143235,12.2497537118099,11.2972451951792,7.48736435603344,38.619002330459,32.6694514799376,29.9194605733459,23.9194708344478,15.3795911844236,14.1511379401093,34.1704624932119,31.7979222119937,26.4526743260488,22.948507010261,19.8877348383369,15.0873325674223,11.4000440350027,7.65709847135323,3.82465187958329,0,3.79254452841361,12.0123494371418,6.71776406254343,3.91474903410168,7.67588288081573,13.5416389702281,13.9528879089599,17.6024058298859,17.836104563497,22.8430489208424,25.0717989382493,27.6522079046141,29.3507666339399,30.744593622294,36.139903403302,31.3681406685191,34.766927848172,26.625054572714
5.80149299749642,8.92837936021986,9.09966394983903,10.1215951806027,6.34304240881298,11.7187161839512,13.5943392263103,16.9166845747032,16.3463267127511,21.0729516916829,21.1641688473703,27.2704924964695,28.1811669204808,32.7340744790501,32.4779458402159,38.0414717643784,30.1392268149002,14.8268651440552,12.9970335461597,10.7948081502174,42.299289698528,36.3766303277255,33.6674285771872,27.0817010359394,18.6142741733327,16.6401781540944,37.2855009487602,34.8921815167811,29.4147586255607,25.1881940996174,22.98987105227,18.4026823588302,14.307792981449,10.3179659332642,6.92874476366391,3.79254452841361,0,13.6667727353608,8.67808872966853,6.92754718497103,11.1565018711064,15.747463351283,16.0133489938863,20.0496938879375,20.9644749516891,25.7478560272501,28.0081153596596,30.8370888703846,32.4260012027385,34.0466258386936,39.616091478085,34.7754730377604,38.3318259674647,30.2768766057531
15.299114353452,19.5334965891926,17.5738108843813,17.7652635218282,13.5617668834116,11.365162955277,11.061386079511,12.9298229299554,4.18433746249033,11.6353111260507,6.80333455005705,16.1058628766049,14.2773312982504,19.4889418388993,17.5096468839323,23.5463861770761,16.102720204984,9.41379880813267,12.7396981910876,11.4545051835511,32.1045468586616,24.6501610136729,26.2323742920842,18.5957215778254,14.586254796897,15.3643890213702,21.3866867934236,19.3869703925085,13.8576328786702,11.4341077920404,12.9808037116351,9.68109859468438,8.37701892083335,8.28934719987045,10.2570489420691,12.0123494371418,13.6667727353608,0,7.1031247349318,7.88876555615643,4.41858008867101,3.56238501568822,7.14642316127446,8.81878387307456,7.74462884843425,11.6603427908445,15.1740537431498,16.4366432704491,19.7263575198261,19.1448627312917,25.63155800961,21.5369881599076,26.8819435681277,20.0600706628865
9.2093459594045,11.0382788966396,6.33723417588462,10.9430366443689,4.5998153223798,10.0697022796109,6.22776123498646,13.1564619864157,9.86007530397208,16.194324345276,13.2858545453426,20.2276633598644,20.4446973320712,24.7917195047056,23.7358025354105,29.4029205692224,19.9654852432892,4.15751825011028,3.63393024148786,3.33372599353936,36.3841074784033,28.4426950551455,27.4662831304128,23.9993548871631,16.9836359770221,18.101119771992,29.0832895835392,27.3868589473127,22.1709040411076,20.8167637734591,18.9091043944445,14.0593255172501,11.2823165174533,10.7417850006412,7.96649546538502,6.71776406254343,8.67808872966853,7.1031247349318,0,3.20333669788238,5.84785729990054,11.2608105392108,13.4958933753939,16.4106399936139,14.7231088429041,20.0663201908073,22.8256220287641,24.1199193613909,27.5425562720674,26.2033345015477,32.1125123900326,28.2976917256514,32.5222767653189,24.9479219375081
6.30900206054809,9.02054067115713,6.48981401890686,8.07960110401497,2.87408855117583,5.93655876750159,5.31208537205494,10.2173458882432,8.72621441405149,14.2229827040604,13.2758185435023,19.6250419872162,20.3078706416995,24.7797407774981,24.3364974267046,29.8952705791401,21.9136108845621,7.69545534715133,7.50920641612681,2.81656546169266,34.9871873833836,28.3361360456926,26.1817714259368,21.718779569764,13.5849570849525,14.1303032168457,29.4757000595406,27.361648378707,22.0727790275715,19.72348663396,17.1859402419536,12.0026075916861,8.79679015323203,7.29630385880413,3.99040824979099,3.91474903410168,6.92754718497103,7.88876555615643,3.20333669788238,0,3.7276763539771,10.0941719323578,11.5129194386133,14.7038862209961,13.7727598178433,19.0885690663287,21.7321285197746,23.5561460982055,26.1369324328621,26.2374455692623,31.902401304604,27.5248228695481,31.3018478368291,23.126863708683
9.29975983560866,12.430046057839,10.5998641972433,9.59276336620476,6.24268708169807,3.61713768054244,3.36365604662546,7.27853577307964,4.1076862100214,10.0026725928624,8.19859158636409,15.0911301763652,15.2676496553988,19.9809786296868,19.4790919962918,25.1118774487293,18.226273371153,6.72238953051666,9.22016952121814,3.53847170399877,31.1096863050722,24.167083833181,23.3798318214653,16.4192653916063,9.83339661561558,10.8291215248514,24.263867581241,21.7691886849281,16.3023964496021,13.3730250130627,11.4157845109305,6.68369875143995,3.76319824085843,4.53428108965467,3.68835057986629,7.67588288081573,11.1565018711064,4.41858008867101,5.84785729990054,3.7276763539771,0,3.76871834978418,5.62719237275571,8.35926133100288,7.90701568229127,12.851698759308,15.6966430169001,17.7973436501069,20.0868247615197,21.0872301642487,26.8684097594182,22.1153220641256,26.4902716671611,19.0078374887834
15.7740535373759,20.1287345851646,19.5783494197034,17.251773647947,14.7052585832416,10.0114265217301,11.9561469964199,11.9307409241841,4.64700537981182,11.2762860907304,7.8593881441242,16.1655555425726,13.9008774543192,19.406759518271,17.4890298473071,22.9320450679829,18.3374414791159,12.762176068367,16.9139597078863,13.2943607217497,30.6904397817952,24.8858840510037,26.0232104091713,15.5323315699865,12.2870786194278,11.9575298452481,20.0560910448671,17.2194064357631,11.270214461136,5.55943603254862,9.1176620906897,8.05391196872676,6.18476798271367,5.82966551356079,10.1233278125328,13.5416389702281,15.747463351283,3.56238501568822,11.2608105392108,10.0941719323578,3.76871834978418,0,2.99552098974452,3.67833562905834,5.95742142205838,8.24392533930287,11.9818198116981,14.076391760675,15.5069874572723,18.0102962774075,24.2745847956252,19.4334799251189,24.95675149133,18.5877224532754
15.2716014549883,19.59629508351,19.5599655163295,16.2965852558136,14.6652819270548,9.14771763884303,12.2340154487396,10.5753962100718,6.50249698192933,10.658226963243,10.019137188401,16.3977819841587,15.7513349910412,20.9524681362364,20.2875195871748,25.285878766616,21.7098474660694,15.2035770462086,19.1731931612864,14.392021748177,30.5905254286356,25.8348579442582,24.9321842204007,13.819733933763,9.57320980653824,8.12240887914417,23.3881060798005,20.3317871816523,14.8263856013527,9.11582585397506,8.61268204452016,5.48654435870157,4.4264267756284,4.52730140370619,10.0843920491024,13.9528879089599,16.0133489938863,7.14642316127446,13.4958933753939,11.5129194386133,5.62719237275571,2.99552098974452,0,3.81972433560329,6.71106444612179,10.2987692954061,12.956392437712,16.1756837567999,16.9643253328861,20.4573480686036,26.1136836352132,20.6856148083638,25.2683987027275,18.2974925058053
18.9053613559752,22.9048305167273,22.6702044322498,19.1665037239451,17.6659878297252,11.9209414057783,14.3101907045294,11.6500507724216,7.06200885017854,9.62260619582866,9.15475777942814,14.8093030220872,13.4865567140023,18.6590010718688,17.5333804213563,22.4498785965537,20.257286343437,16.7908393179138,21.6505287233361,17.1087416837125,28.2110254687773,23.810037106229,23.696281016227,11.7961742103107,9.86308476086462,7.81979392311588,20.1422009969119,16.8745870764295,11.2450631389957,4.39450292979764,5.27511601768151,5.36017639635115,6.94409115723577,8.5799445802406,13.5234772525412,17.6024058298859,20.0496938879375,8.81878387307456,16.4106399936139,14.7038862209961,8.35926133100288,3.67833562905834,3.81972433560329,0,3.79900486969943,6.84925477698122,9.6606052087848,12.9113640255397,13.2449509247864,17.4788204979627,23.0733280000957,17.5939822098353,22.5309547733779,16.1171941106385
19.1851752402734,22.2293980350346,21.2447739456084,18.2179900098776,16.3325160645872,11.1425033542737,11.3142317900952,8.83128903388401,4.20302795612877,3.53285394546675,3.39327658760674,7.31999077868271,6.13791373350913,11.2752652296964,11.2626357483495,16.0179768385399,14.0337830252573,12.9015355675206,18.763304053391,14.7441713568447,22.6044759063332,16.2968552181088,17.5621721037006,9.14102472373858,8.3770088337067,9.7868010606122,15.3030473109116,12.6711707825283,7.80414159276983,5.3842176776204,3.2835263056659,4.22691719814808,6.83798756945346,10.910723669858,13.4990645601834,17.836104563497,20.9644749516891,7.74462884843425,14.7231088429041,13.7727598178433,7.90701568229127,5.95742142205838,6.71106444612179,3.79900486969943,0,3.79115984891168,6.15284868983465,8.4218769879404,10.691085071217,11.605403612111,17.1931241489149,12.518808769208,17.3885263895478,10.55112491633
24.0465517486396,27.0953724646848,26.5384424184992,23.0422068821543,21.5607742207927,16.0346089132227,16.758104457247,12.9171724460116,9.37174210059154,8.08363439301903,7.29518512445024,10.7759348086373,6.96538046340614,11.9168131646007,9.50408280687832,14.2230080503387,14.6606066040938,18.2364948934821,24.2832850537154,20.3399668878787,22.4293641684289,17.3500252737568,19.9484372570886,10.0589848891426,11.6352862448674,13.1792514582582,11.4254688744051,8.06695537362145,3.12743009514202,3.56513870697902,4.67240933566399,8.52667719571933,11.5215294123654,14.7650733150906,18.4726324599392,22.8430489208424,25.7478560272501,11.6603427908445,20.0663201908073,19.0885690663287,12.851698759308,8.24392533930287,10.2987692954061,6.84925477698122,3.79115984891168,0,3.7468532130309,4.70115156105395,7.29848792559116,9.13139534791918,14.9387653438964,10.2799488811959,16.4707987663015,11.254681070559
24.8693588980496,27.0934080728136,27.7222529026773,23.1668709151668,22.9337853177359,17.4389955272659,18.3578808689892,12.2307364455294,12.2546211283744,7.74606190267028,9.1167488174239,9.30110402049133,6.66289824325721,10.7126497655809,10.112941560199,13.6434727617275,17.0682434362766,20.4132009003978,26.5705993910563,22.4048821911654,18.2636989955485,15.5895612510423,16.0456993926722,2.71300774049762,7.19285548304705,9.94937188972249,12.2251935771995,8.62167721502029,5.67575492776071,4.61989967423536,3.3836623649531,9.11176761117183,12.6082067321249,16.986713572672,20.5773149851967,25.0717989382493,28.0081153596596,15.1740537431498,22.8256220287641,21.7321285197746,15.6966430169001,11.9818198116981,12.956392437712,9.6606052087848,6.15284868983465,3.7468532130309,0,3.77043777299135,3.51518207209812,8.67326628208773,13.3178767827308,7.47211315492478,12.2988553938974,7.09486927293238
28.6899641163944,30.8888378706613,30.1802195154376,26.7856025879576,25.4271441377124,20.3671353164847,19.9938651340855,15.7560053947693,13.6554489490459,10.1244147485176,9.17631135042834,8.92615869229312,3.97380648748778,7.6545088673278,6.57758025416642,10.0806131757944,14.4576675158893,20.879785966336,27.3553581040351,23.9111648189711,17.9433971421245,13.1116386847716,17.088957282409,11.1922532583926,14.9010586872209,17.9827861300745,8.53997898123877,5.10504622897775,3.7519549570857,8.65129157987407,8.07458054638134,13.1246550430859,16.2711785067954,20.3694684270356,23.2183479601801,27.6522079046141,30.8370888703846,16.4366432704491,24.1199193613909,23.5561460982055,17.7973436501069,14.076391760675,16.1756837567999,12.9113640255397,8.4218769879404,4.70115156105395,3.77043777299135,0,3.77132735253783,5.02998061626484,10.3225776819552,5.75695449000598,12.2098585577393,8.2373214092932
29.6499981787521,31.6554037251146,31.84750043567,27.6124427025209,27.0481405830419,21.6383702020277,22.4218061047722,16.32636377152,16.9720125206176,11.4301349948284,12.9178034510516,10.8199250921621,6.85571104992035,7.85738767021203,8.31359825827541,9.79226766382537,17.0261537054028,24.5761979972493,31.0230722366435,26.723316878711,15.6765876707911,13.198355768807,15.960140287604,6.75313697476958,12.5359807753522,15.6521533662305,8.49536538354884,5.14142908149087,6.69749221724072,7.6720864176572,7.35188064375368,13.3520598410882,17.5832412541033,21.3461068581603,24.7889954616963,29.3507666339399,32.4260012027385,19.7263575198261,27.5425562720674,26.1369324328621,20.0868247615197,15.5069874572723,16.9643253328861,13.2449509247864,10.691085071217,7.29848792559116,3.51518207209812,3.77132735253783,0,3.78998799470394,8.60343524413359,4.02327068440591,9.45883153460299,5.36105316145998
31.928225475275,33.7503348724127,32.5610400632412,29.7147796390954,28.1383412091047,23.5727375160375,21.7249136476995,18.9615516506429,16.3757539368421,12.5405411765203,11.0230718495345,9.54275285229582,3.9888508370206,3.83830483416833,2.57374454831866,3.56510785250601,11.9651304631416,21.9296653189236,28.2932075240684,26.0175538819467,13.6553907670194,8.62624489566578,16.1656485486973,14.3896870709547,18.9960932825673,22.5321243783182,3.54672947939366,3.7403970377488,3.91386829109003,13.2547391147468,12.7113386391835,16.8779573704877,19.909115826676,24.345275044657,26.4678859941628,30.744593622294,34.0466258386936,19.1448627312917,26.2033345015477,26.2374455692623,21.0872301642487,18.0102962774075,20.4573480686036,17.4788204979627,11.605403612111,9.13139534791918,8.67326628208773,5.02998061626484,3.78998799470394,0,4.22109725071574,3.40126461775617,9.18147210418896,8.10285912502495
36.8480389844561,37.7961095749285,36.8698538782024,33.8264357271055,32.7764288018082,28.0589105454934,26.627817841498,22.7336267674122,22.3031113972916,16.964565128526,16.9865394062475,12.1802844383865,9.82483811571468,2.72693875985508,8.69821182772643,4.36065866584396,17.4229341673554,27.5433776069675,33.7615145839164,31.0569055445001,9.30596459266851,6.42840734552502,14.9171970892658,16.938651687782,22.1480320118967,26.551170294358,8.24433799646764,8.60904472052504,10.7538555876486,18.8086457247724,17.1404393467612,21.4781911249528,25.0505258627439,29.9392221341838,31.7563278418648,36.139903403302,39.616091478085,25.63155800961,32.1125123900326,31.902401304604,26.8684097594182,24.2745847956252,26.1136836352132,23.0733280000957,17.1931241489149,14.9387653438964,13.3178767827308,10.3225776819552,8.60343524413359,4.22109725071574,0,3.81906310500363,6.58481207021127,8.5727993677678
31.8853537850845,33.0833371049536,32.7006122725554,29.0406089984353,28.2187146057364,23.236111765956,22.834695662522,17.6015697311348,17.8328812590675,12.455969532718,13.4063175406224,8.44315450527823,6.78154827454616,3.11459628202437,7.9890418073759,6.55458686722512,17.0479056191662,24.5686159764851,30.9046883821856,27.1722806183066,8.71184217028752,7.69239507565752,11.8960078177513,11.4875506527719,16.3977038941432,20.599108937039,9.20192251651795,7.34298481545482,8.72428856698355,13.3697092713342,11.1592894935117,15.8602364736469,19.9003417307342,24.5987439719999,26.8462875459532,31.3681406685191,34.7754730377604,21.5369881599076,28.2976917256514,27.5248228695481,22.1153220641256,19.4334799251189,20.6856148083638,17.5939822098353,12.518808769208,10.2799488811959,7.47211315492478,5.75695449000598,4.02327068440591,3.40126461775617,3.81906310500363,0,3.76931041438617,3.7503782475905
34.4653914238617,34.6933770769004,34.7864439976264,30.8678963649938,30.7333373553866,25.7988120850554,25.762202409732,19.7457565061458,21.347760608551,15.6675586164533,17.7467401231888,9.954874635072,12.5648144435165,7.18103342145126,14.2273278587372,11.7439149775533,22.7129426539143,28.6518866743536,34.4533246146145,30.3182501803782,6.32945092405336,9.7247277082703,9.84821328972926,13.0679705386873,18.3244133876094,23.2274575018447,15.1584475128557,13.6571760258115,15.0421238527011,18.5440076844246,15.3586530984979,19.0337824932408,23.3823900831374,28.6113879949925,30.274255168377,34.766927848172,38.3318259674647,26.8819435681277,32.5222767653189,31.3018478368291,26.4902716671611,24.95675149133,25.2683987027275,22.5309547733779,17.3885263895478,16.4707987663015,12.2988553938974,12.2098585577393,9.45883153460299,9.18147210418896,6.58481207021127,3.76931041438617,0,4.90214738660518
26.0943349599104,26.0649796086627,26.1458952992626,22.2651074329319,22.2118993784863,17.3898970094708,17.4863588548331,11.4445467800171,13.5911862616918,8.01818695217317,11.0020322668133,3.65729544882554,8.3611538677386,7.55015940229079,11.7986617037696,11.738492961194,18.9504269345047,21.5286500505721,26.4893671121075,22.0985092031114,9.85308220812148,10.1403000941787,6.6768188533163,8.15208231067376,11.5343558987921,16.4529997568832,13.8901103667322,11.4654514956891,11.3206742732048,13.3822614307149,8.40477447645087,11.5538582733215,15.6829177451136,21.0366477842835,22.2541416594754,26.625054572714,30.2768766057531,20.0600706628865,24.9479219375081,23.126863708683,19.0078374887834,18.5877224532754,18.2974925058053,16.1171941106385,10.55112491633,11.254681070559,7.09486927293238,8.2373214092932,5.36105316145998,8.10285912502495,8.5727993677678,3.7503782475905,4.90214738660518,0
