sequence,gene,ortholog,mutant,protease,kozak,plasmid_template,concat,seq9,d614g_1,d614g_2,d614g_3,d614g_4,d614g_5,d614g_6,d614g_7,d614g_8,alpha_1,alpha_2,alpha_3,alpha_4,alpha_5,beta_1,beta_2,gamma_1,gammaa_2,delta_1,delta_2,delta_3,delta_4,delta_5,ba1_1,ba1_2,ba1_3,ba1_4
ACACACATGNCCTAGGTGT,ACE2,H.sapiens,K31D,none,low,G756A_AttB_[koz-mut]ACE2[K31D]-IRES-mCherry-H2A-P2A-PuroR,QSTIEEQAKTFLDDFNHEAEDLFYQSSLAQMYLGKGDFR,ACACAACATGCCTAGGTGTG,0.583597198473488,0.610884237389292,0.202398006240311,0.0853363554242124,0.29940506511024,0.526848078759596,0.303658606854707,0.992562776448563,1.43472399072382,0.922166550382917,0.749436019184202,0.371717046500947,1.07181157049374,0.585152915454937,0.678569382877579,0.69801587844589,0.810012975754959,0.81831054599775,0.624897867040789,0.850486192878893,0.418771346204542,0.899547465757485,0.908789021717197,0.998845303720392,1.6375268911707,3.75367455986236
ACACACATGNCTTCACTGG,ACE2,H.sapiens,E23K,none,low,G824D_AttB_[koz-mut]ACE2[E23K]-IRES-mCherry-H2A-P2A-PuroR,QSTIEKQAKTFLDKFNHEAEDLFYQSSLAQMYLGKGDFR,ACACAACATGCTTCACTGGA,0.531193511483614,0.567801220953603,0.223874703869439,0.163584041937296,0.512715479530599,0.656151092197533,0.328669379864794,0.879235980723203,1.20915242733358,1.08347019067205,0.641154236574697,0.871470051458925,0.934404680270598,0.590305191447756,0.71443492830839,0.661833560062194,0.813045571019635,0.810522125345894,0.751400613976572,0.625277861653597,0.287141382756477,0.881820971999896,0.856882438607216,0.736325115478897,0.793858888473932,2.04830635226243
AGCAGATCGNATCCTGTTG,ACE2,H.sapiens,G352V,none,low,G846A_AttB_[koz-mut]ACE2[G352V]-IRES-mCherry-H2A-P2A-PuroR,QSTIEEQAKTFLDKFNHEAEDLFYQSSLAQMYLVKGDFR,AGCAGTATCGATCCTGTTGA,0.532702086333296,0.541962754152581,0.239325559936247,0.230581254888345,0.508616934026734,0.575770818033467,0.792701125041638,0.664097843676034,0.956492714973746,0.996078244992937,0.726580791181148,0.661865136915592,0.740225167879001,0.600431998027194,0.779980901497493,0.706229073002949,0.860462551940966,0.848161658186486,0.815785620617129,0.730860642661546,0.683466794610044,1.38098373325962,0.883837509920538,0.754878728154018,0.71378598675578,1.08684306129008
AGCAGATCGNCTTCACTGG,ACE2,H.sapiens,D38H,none,low,G822A_AttB_[koz-mut]ACE2[D38H]-IRES-mCherry-H2A-P2A-PuroR,QSTIEEQAKTFLDKFNHEAEHLFYQSSLAQMYLGKGDFR,AGCAGTATCGCTTCACTGGA,0.525664293633241,0.53466134878786,0.356009921917306,0.236013724234956,0.729081612603211,0.809163506776477,1.17047523084332,1.03306406149421,0.918198889036077,1.32748743949521,0.904663135863314,0.644168291929828,0.92927359059027,0.617015514649646,0.846645216547979,0.730014114494471,0.981398190948234,0.836007778969069,0.842813001555773,0.864944453655177,0.747337419381898,1.43147711715484,0.7688787854686,0.611182990030652,0.813423914882783,0.331962187202498
ATACAAGCTNAGAGGTAGA,ACE2,H.sapiens,D355N,none,low,G876C_AttB_[koz-mut]ACE2[D355N]-IRES-mCherry-H2A-P2A-PuroR,QSTIEEQAKTFLDKFNHEAEDLFYQSSLAQMYLGKGNFR,ATACATAGCTAGAGGTAGAC,0.514517324327636,0.545127375736602,0.240458015267176,NA,0.631870730922784,0.544544306548143,0.271990886089888,1.16830169984269,1.10803874871256,0.588628964050666,0.668274818885864,0.374116853728137,1.12653192906513,0.48646497291537,0.574790323652106,0.53516290977101,0.578044090536193,0.770727197320253,0.601664473942708,0.533935370789875,0.421749440624689,1.40936670199841,0.83865267557454,0.569147222324427,0.615506489015469,0.170702511956242
ATACAAGCTNATCCTGTTG,ACE2,R.alcyone,WT,TMPRSS2,high,G988A_AttB_ACE2[R.alcyone+ferrum]-2A-TMPRSS2_IRES-miRFP670-P2A-PuroR,QSTPEDLAKIFLDNFNSEAENLSHQSSHAKNFLGKGDFR,ATACATAGCTATCCTGTTGA,1.85088367917598,1.25450493796247,9.75310649368432,11.9649356463757,6.91228284433711,1.72205175769076,3.16578500607477,4.74426284834325,2.6550761477204,2.77079875682898,2.32081549304353,3.83165190776377,5.8206781964388,7.44403967607217,7.8646448169537,4.43362599439135,6.07309264839394,2.9055031368742,7.55312771171656,3.07440583860877,2.63438985308016,4.73508436918582,3.16669211357386,5.75557163799338,0.637584677836372,1.48987092069769
ATACAAGCTNATTAGACGC,ACE2,M.javanica,WT,TMPRSS2,high,G1221C_AttB_ACE2[Luban-Pangolin]-2A-TMPRSS2_IRES_miRFP670-H2A-P2A-PuroR,QSTSDEEAKTFLEKFNSEAEELSYQSSIAKNYLGKHDFR,ATACATAGCTATTAGACGCG,1.77950918888255,1.83960418045101,5.1520915501572,5.18644061773291,8.54205904594734,1.2896396459883,3.09362544917657,0.851537585384119,2.87966766557395,4.84626088507714,1.97997081795437,3.47739716974239,1.6721207041509,2.98184189897634,3.19443550919471,2.90026917122076,2.84485158879094,2.85743350114262,3.6152621883294,2.05068839007599,3.42600686432157,0.859664680866742,1.09028691620064,0.81299771987107,0.35526490068599,0.343241314259638
ATACAAGCTNCCTAGGTGT,ACE2,R.sinicus_200,WT,TMPRSS2,high,G974D_AttB_ACE2[R.sinicus200+ferrum]-2A-TMPRSS2_IRES-miRFP670-P2A-PuroR,QFTTEDLAKIFLDEFNFEAENLSYQSSLAKNYLGKGDFR,ATACATAGCTCCTAGGTGTG,0.108699200549078,0.103810962751214,0.170135388160737,1.03356372710144,0.5449885054209,0.264316968962736,0.00179805499267074,2.2696922147443,0.327812376861799,1.49680898241167,0.549530404154102,1.5478362932561,0.963648091702464,3.78828968927497,2.72046285729854,3.57445983193456,2.57373849472924,1.41543283741287,2.04046609124393,0.193108516695685,0.270640390303972,0.84486687360715,2.2894820240499,3.25549406820278,0.694600388859584,0.633960129516206
ATACAAGCTNCTTCACTGG,ACE2,H.sapiens,WT,none,low,G755A_AttB_[koz-mut]ACE2-IRES-mCherry-H2A-P2A-PuroR,QSTIEEQAKTFLDKFNHEAEDLFYQSSLAQMYLGKGDFR,ATACATAGCTCTTCACTGGA,0.589579799250391,0.617241220931313,0.360996485688531,0.403063376100107,1.03022401780889,0.777080999251321,0.881033052770578,0.764718596060158,1.86552389326213,1.32588949542685,0.918247921007524,0.994600020874503,0.616603849635158,0.668603326108132,0.828706158222339,0.751365902144337,0.915173121218694,0.823933190482927,0.818256611028797,0.928863172847342,0.985627519227559,0.948875701738357,0.875691630234535,0.79114383132412,1.06061537937939,1.94259624545721
ATCTTTAAGNCTTCACTGG,ACE2,H.sapiens,E329K,none,low,G845A_AttB_[koz-mut]ACE2[E329K]-IRES-mCherry-H2A-P2A-PuroR,QSTIEEQAKTFLDKFNHEAEDLFYQSSLAQMYLGKGDFR,ATCTTGTAAGCTTCACTGGA,0.521784818681875,0.51513788184411,0.353411847629345,0.366719137983137,0.613567170707136,0.776495243690137,1.22519938286723,0.464808734428697,0.714616850371112,1.40249070802118,0.845202831270647,0.735811372288619,0.535595243800752,0.757601745894532,0.965076133245425,0.776361965525675,1.0753340308008,0.840296398329109,1.0163542996231,0.864167472920564,0.741093098167492,0.719837242960153,0.893002396880639,0.834790092204681,0.879514048486507,1.32648934952887
CTGTCTTCGNCCTAGGTGT,ACE2,H.sapiens,K353D,none,low,G757A_AttB_[koz-mut]ACE2[K353D]-IRES-mCherry-H2A-P2A-PuroR,QSTIEEQAKTFLDKFNHEAEDLFYQSSLAQMYLGDGDFR,CTGTCATTCGCCTAGGTGTG,0.611637205085067,0.657047834005693,0.16910015038739,0.103216323424629,0.466259450640602,0.590910849820604,0.293314275637212,1.06887474429967,2.0969827432071,0.795771771783871,0.804044851455867,0.496900315192416,0.976845485435737,0.423326741025838,0.534660502486709,0.551810208226057,0.578312429213437,0.778992417333278,0.57038807779148,0.656282065094588,0.334336767916211,1.32663370494391,0.784607406423292,0.704437467129576,1.03583186806,1.65168588706206
CTTAGCCAANAGAGGTAGA,ACE2,H.sapiens,D355N,TMPRSS2,high,G1114D_AttB_ACE2[D355N]-2A-TMPRSS2_IRES_miRFP670-H2A-P2A-PuroR,QSTIEEQAKTFLDKFNHEAEDLFYQSSLAQMYLGKGNFR,CTTAGTCCAAAGAGGTAGAC,0.0641801733600837,0.0817970466410326,NA,NA,NA,0.601270013486109,2.82931406651214,0.052524434142049,0.27353023829501,1.94597761199272,1.90848661181747,5.84096431391759,0.191966116739823,10.1699186930669,7.37314720924163,10.3208178490487,10.9355830835439,5.5934953352056,19.6528692702135,2.29329790468644,6.82816067537704,3.24890292131302,6.04492788286334,9.77330699771628,0.316240455037273,1.1218622269926
CTTAGCCAANATCCTGTTG,ACE2,R.ferrumequinum,WT,TMPRSS2,high,G1087L_AttB_ACE2[R.ferrum]-2A-TMPRSS2_IRES_miRFP670-H2A-P2A-PuroR,QSTTEDLAKKFLDDFNSEAENLSHQSSLAKNFLGKGDFR,CTTAGTCCAAATCCTGTTGA,0.22709911865496,0.280345801833249,0.352671755725191,2.33834630457701,5.14523309465695,0.0667976636860022,0.00724628369985152,0.0110483966643157,0.520135330856636,0.453374625668176,0.00400910113514028,0.0612360407897429,0.0369095157662923,0.916543658966316,1.05344763655293,1.61849875882193,1.76606306145258,1.34264679725977,1.35121629601816,0.112932662945812,0.102316993257152,NA,1.92831548406418,1.92246380154228,0.404251895669235,0.210422198455583
CTTAGCCAANATTAGACGC,ACE2,S.scrofa,WT,TMPRSS2,high,G1222A_AttB_ACE2[Luban-Pig]-2A-TMPRSS2_IRES_miRFP670-H2A-P2A-PuroR,QSTTEELAKTFLEKFNLEAEDLAYQSSIAKTYLGKGDFR,CTTAGTCCAAATTAGACGCG,8.12692982882833,6.0643392441272,19.052258395438,9.08417472435342,12.323953942541,1.37925344344305,8.04815101752887,0.765506514566849,4.82325648266763,1.83898415969234,2.05196582673724,7.74930129438681,3.50411246597159,4.37188518756681,3.14910892551643,4.21082320303748,2.63557757168212,3.06112326295068,2.74063991254955,2.42256415307779,8.24665324905092,2.35681498285034,2.37848238271816,3.51655192127757,1.20079433361619,3.13117781265019
CTTAGCCAANCCTAGGTGT,ACE2,R.sinicus_215,WT,TMPRSS2,high,G975C_AttB_ACE2[R.sinicus215+ferrum]-2A-TMPRSS2_IRES-miRFP670-P2A-PuroR,QSTTEDRAKTFLDEFNSEAENLSYQSSLAKNYLGKGDFR,CTTAGTCCAACCTAGGTGTG,0.249789170320935,0.258252951936544,0.0507499328704592,0.456171644986128,7.81575488710643,0.196133970613952,0.0126892304940632,0.147576204689141,0.42936963353749,4.39724556390923,0.450598238281757,0.956811184908002,0.747239708570893,4.33727687528167,4.25899118360657,2.97685114452241,4.03337363165382,0.950212428610464,1.00712051836657,0.169878955105373,0.129003121402328,0.933075415318681,0.941097025840777,0.891759637030236,0.176318338544743,0.0662284315645787
CTTAGCCAANCTTCACTGG,ACE2,H.sapiens(rep1),WT,TMPRSS2,high,G828A_AttB_ACE2-2A-TMPRSS2_IRES_mCherry-H2A-P2A-PuroR,QSTIEEQAKTFLDKFNHEAEDLFYQSSLAQMYLGKGDFR,CTTAGTCCAACTTCACTGGA,0.938546679042691,0.606083692524027,7.4108753242198,15.7252167062061,2.26678101372998,1.43634866554122,7.6307692281014,1.11711015105344,1.30130410798743,1.75309083693641,1.35244807675283,7.00064506910985,1.08453020606296,8.02364037862595,7.3969647974896,6.27837294533836,7.35678064895222,2.86992470556318,7.54597614009477,1.88621211763561,7.90512784921443,2.56037567665224,5.24413755185514,8.16884637030115,0.896744961457192,4.7061148737406
CTTCGTAAGNATCCTGTTG,ACE2,H.sapiens,K26E,none,low,G843A_AttB_[koz-mut]ACE2[K26E]-IRES-mCherry-H2A-P2A-PuroR,QSTIEEQAETFLDKFNHEAEDLFYQSSLAQMYLGKGDFR,CTTCGTTAAGATCCTGTTGA,0.585782838594874,0.52413947107277,0.349314008665153,0.281895577204173,0.483901002795296,0.647283936753015,0.644621588787708,0.763114947470539,0.84382110068371,1.16211313988427,0.713733391435994,0.670563183052656,0.529554477357404,0.602268534640739,0.81957369695937,0.619817666834026,0.808244068427264,0.879798546331603,0.85292739184886,0.720043674159864,0.895683006706722,0.920000561907233,0.95278277631469,0.784280130140728,0.938525623228408,1.57843483754351
CTTCGTAAGNCTTCACTGG,ACE2,H.sapiens,G326E,none,low,G877A_AttB_[koz-mut]ACE2[G326E]-IRES-mCherry-H2A-P2A-PuroR,QSTIEEQAKTFLDKFNHEAEDLFYQSSLAQMYLGKGDFR,CTTCGTTAAGCTTCACTGGA,0.565398440860321,0.546521897895823,0.339689718850913,0.306306934314384,0.805879882295667,0.713189394285234,1.14606380700634,1.55023203087367,1.12806588183217,1.22870844911945,0.860142820833766,0.708654926188613,0.977044936558936,0.589522393692977,0.708699572235865,0.736611768570537,0.874415008201155,0.779228133384025,0.724581126840523,0.949847252860544,0.388725864648185,1.56231066023953,0.853688626017532,0.747208563917703,0.726177478663843,1.04905844587866
GGAGAATATNCTTCACTGG,ACE2,H.sapiens,E35K,none,low,G849A_AttB_[koz-mut]ACE2[E35K]-IRES-mCherry-H2A-P2A-PuroR,QSTIEEQAKTFLDKFNHKAEDLFYQSSLAQMYLGKGDFR,GGAGATATATCTTCACTGGA,0.47859559802906,0.478696762931724,0.287776487458781,0.487623444849439,1.12834059093354,0.657467568032128,0.906207139587506,0.374429682240242,0.68870995720625,1.27840111228548,0.843339294744768,0.68930869292247,0.437204918976289,0.522130666434168,0.680908548699625,0.579226764180377,0.762053760001574,0.774400957013782,0.769662066695702,0.920939149654453,0.423483838542231,0.813107960655899,0.884721515847908,0.595914749724847,0.550470237469546,0.0610823665328322
TAGCTATAGNATCCTGTTG,ACE2,R.affinis,WT,TMPRSS2,high,G987A_AttB_ACE2[R.affinis+ferrum]-2A-TMPRSS2_IRES-miRFP670-P2A-PuroR,QSTTEDRAKIFLDNFNREAEELSYQSSLAKNYLGKGDFR,TAGCTGATAGATCCTGTTGA,1.89915112323046,1.32407576792436,7.16934820904287,4.54768039924632,4.42309511645948,1.00390396891787,3.9406033206893,6.84854955231542,2.66818535913011,1.74726102327134,1.451372417631,2.35048087754348,4.41587511495936,3.79639801867822,2.74422321811419,3.85051625001968,3.33481306535635,1.98116689632009,2.86542373594723,1.84367500393996,2.55536578837888,0.880233393897682,2.49310481867439,3.72243867890528,1.21159914523365,1.05278888778717
TAGCTATAGNATTAGACGC,ACE2,R.sinicus_275,WT,TMPRSS2,high,G1220A_AttB_ACE2[Luban-Sinicus]-2A-TMPRSS2_IRES_miRFP670-H2A-P2A-PuroR,QFTTEDLAKIFLDEFNSEAENLSYQSSLAKNYLGKGDFR,TAGCTGATAGATTAGACGCG,0.864469992446555,0.952585016088205,0.400140211993679,0.242347370826483,0.372859563080059,1.38105228351193,0.122722602091018,1.33298578733357,2.19522108886003,0.440532879288654,0.739203824670943,0.191636131054444,1.30086737249445,0.329965171803456,0.347304651506288,0.445338878036485,0.334780666565005,0.716014083317816,0.374103492332459,0.635853594864922,0.224216745321289,1.20875589253985,0.667090102651676,0.406525629419445,0.932726753039319,0.221708802659882
TAGCTATAGNCCTAGGTGT,ACE2,R.pearsonii,WT,TMPRSS2,high,G1118A_AttB_ACE2[R.pearsonii+ferrum]-2A-TMPRSS2_IRES-mCherry-P2A-PuroR,QSTTEDQAKIFLDKFNREAEDLSHESSLAKDYLGKDDFR,TAGCTGATAGCCTAGGTGTG,0.415271338537537,0.567445042045642,0.0400763358778626,0.167194132325233,0.874897935123853,0.163280405942127,0.00233174734536421,10.5326876400163,1.193111918182,0.29548156451777,0.166564376817577,0.0090366217783189,4.9568705348625,0.430405875847958,0.350517844208816,0.29776476320317,0.30575769016594,1.03822290741563,0.720475340935006,0.176731697907585,0.628191849724784,0.125747627699669,2.15379690983771,1.51881118364462,2.94425543346988,0.512378464932393
TAGCTATAGNCTTCACTGG,ACE2,H.sapiens,WT,none,high,G752A_AttB_ACE2_IRES_miRFP670-H2A-P2A-PuroR,QSTIEEQAKTFLDKFNHEAEDLFYQSSLAQMYLGKGDFR,TAGCTGATAGCTTCACTGGA,6.27678762269174,6.91243624276958,7.25707471346009,13.743007014528,10.6915042580517,1.79514938938599,12.8125734872446,1.2176187818316,6.69465543943234,3.62348506278226,2.30547861674698,10.1044811872791,1.17210788697378,12.276114080701,10.0268232552513,8.74268653610868,9.5408518766145,4.63548631191124,10.2760539232067,2.40571873251985,10.9227552652793,1.66186349836914,5.62403500374736,10.4920705368536,2.46870967770952,8.84755145015861
TCGAGCACGNATCCTGTTG,ACE2,H.sapiens,I21N,none,low,G844A_AttB_[koz-mut]ACE2[I21N]-IRES-mCherry-H2A-P2A-PuroR,QSTNEEQAKTFLDKFNHEAEDLFYQSSLAQMYLGKGDFR,TCGAGACACGATCCTGTTGA,0.667276483359637,0.646140338522611,0.269979593379185,0.371427598817238,1.39870414223684,0.686262670165866,1.73969986462679,0.602701478685852,1.99747580970929,2.1908169681115,0.848844556782038,1.94286452463155,1.01810347651705,0.880976011581666,1.07543192760796,0.992891535564139,1.2847573765128,0.922266867391759,1.01208943131041,1.0230219519856,1.09056189595974,0.975228392232295,0.897580598217056,1.00063047735217,1.17379429449681,2.64412098279045
TCTGTCGCANATTAGACGC,ACE2,M.musculus,WT,TMPRSS2,high,G1224F_AttB_ACE2[mouse]-2A-TMPRSS2_IRES_miRFP670-H2A-P2A-PuroR,QSLTEENAKTFLNNFNQEAEDLSYQSSTAQSFLGHGDFR,TCTGTCCGCAATTAGACGCG,0.472749234012588,0.408661716907277,0.0155372871403406,0.130423479165537,0.993483498619557,0.0587535162767307,0.000102947753817651,0.0965408193053196,0.605864747324918,0.447004754793187,1.30142681250384,2.39761711120423,2.55392274868094,1.6741101393438,1.00157588658475,2.23355893087266,1.01282223863062,1.15507174736387,0.701588185067519,0.0574062799930745,0.221530882945213,0.126863184962479,1.62262737787497,2.05047611296805,2.55361745465305,2.97554132464892
TGAAGCATGNAGAGGTAGA,ACE2,R.sinicus_472,WT,TMPRSS2,high,G973A_AttB_ACE2[R.sinicus472+ferrum]-2A-TMPRSS2_IRES-miRFP670-P2A-PuroR,QSTTEDEAKIFLDKFNTKAEDLSHQSSLAKNYLGKGDFR,TGAAGACATGAGAGGTAGAC,0.167301097244863,0.154655819511964,NA,NA,NA,0.0644456043358062,NA,0.278076891044222,0.395507208843726,0.271415244406596,0.00410596056475828,0.0354892282559967,0.144641136571325,0.238362149288858,0.185201166932619,0.226993076930317,0.184698873491715,0.761417321043285,0.348969540341394,0.0114929732275688,0.00813263372251716,0.00800476796699281,1.73903628444908,0.249625323823783,0.0788298279259345,0.000328463111417511
TGAAGCATGNATCCTGTTG,ACE2,H.sapiens(rep2),WT,TMPRSS2,high,G852C_AttB_ACE2-2A-TMPRSS2_IRES_miRFP670-H2A-P2A-PuroR,QSTIEEQAKTFLDKFNHEAEDLFYQSSLAQMYLGKGDFR,TGAAGACATGATCCTGTTGA,5.49671480092492,2.59691105424903,14.9136242947229,10.5423500164346,4.42309511645948,2.10194069111802,2.38351095129922,0.262895735471402,3.98391159208608,1.83548508634332,2.82442930040232,4.26630453931928,6.12529384605173,4.33137175412641,2.92277135039237,3.26362696301534,2.44267873263621,2.6913948859011,2.68601202718237,3.05948851812087,5.72391899041303,3.07308045232833,2.73489153394292,3.67454714091621,0.950952095303793,1.41019167791521
TGAAGCATGNATTAGACGC,ACE2,R.shameli,WT,TMPRSS2,high,J3C_AttB_ACE2[Shameli+ferrum]-2A-TMPRSS2_IRES-mCherry-P2A-PuroR,QSTTEDRAKAFLDKFNPEAEELSHQSSLAKNFLGKNDFR,TGAAGACATGATTAGACGCG,1.39925036743542,1.20544261170568,6.12090315137042,5.79257615099532,2.58152449936216,1.02472766732437,2.51862586078086,2.28792186384171,2.44951352283166,1.08103661057038,0.27232125411477,0.487885861721614,1.7874145711268,0.247005712569127,0.281035001809266,0.355316696290955,0.279448409634876,2.82510369046968,2.80825101420797,3.50047359454885,4.55252150757943,3.92302382990953,0.930122149652789,0.329268783226626,0.412384423056845,0.215390829992722
TGAAGCATGNCCTAGGTGT,ACE2,R.landeri,WT,TMPRSS2,high,G999D_AttB_ACE2[R.landeri+ferrum]-2A-TMPRSS2_IRES-miRFP670-P2A-PuroR,QSTPEDLAKTFLDDFNSAAENLSYQSSHAKNFLGKGDFR,TGAAGACATGCCTAGGTGTG,0.0221721257035894,0.0276539502614952,0.973854961832061,NA,3.7912243855367,0.117197566941187,0.642262755954131,1.20611663585446,0.19926287153011,3.22656372930254,1.10177133378772,3.39982356632479,0.533105903362883,7.39109974633199,5.46675552980775,6.71044991202787,7.57246271392035,5.535321633881,14.7830490660973,0.444611674745134,0.50312190852992,1.10225654905491,5.88040604927919,7.30780671061499,1.14149450587978,1.43128514850423
TGAAGCATGNCTTCACTGG,ACE2,Control,dEcto,none,high,G758A_AttB_ACE2[dEcto]-IRES-mCherry-H2A-P2A-PuroR,NA,TGAAGACATGCTTCACTGGA,0.550788822877386,0.605363562642726,0.190417823648809,0.258507459584422,0.334412305215239,0.901849472346613,0.0980159939934382,0.25702149974405,1.22487928093775,0.506733091734177,0.698024629746017,0.134662615187243,0.255325414901652,0.423304104960621,0.540683233434488,0.530057303386155,0.557674988204569,0.726773161309195,0.59948413077403,0.647109432875901,0.189322985185492,0.388534951616395,0.801076403300511,0.573475842934899,0.656583642662735,0.197365726569596
