"plasmid_template","D614G","sd_d614g","Alpha","sd_alpha","Beta","sd_beta","Gamma","sd_gamma","Delta","sd_delta","BA1","sd_ba1"
"G1087L_AttB_ACE2[R.ferrum]-2A-TMPRSS2_IRES_miRFP670-H2A-P2A-PuroR",0.177459125069335,0.943576871055232,0.0645761378542654,0.810115378768515,0.982251158027167,0.0427362910031405,1.69028230480451,0.0267092062697313,0.175776123021878,0.929520377459357,0.749191476070273,0.48711095866599
"G1114D_AttB_ACE2[D355N]-2A-TMPRSS2_IRES_miRFP670-H2A-P2A-PuroR",0.14133089965037,0.663905568865539,1.61842091126002,0.553759283183793,8.65614827902235,0.0987730094288696,10.6213075639927,0.0176822774679014,5.61721918581096,0.357351394640893,2.13916981653959,0.684787395805865
"G1118A_AttB_ACE2[R.pearsonii+ferrum]-2A-TMPRSS2_IRES-mCherry-P2A-PuroR",0.263074651839801,1.02057589704604,0.235359304709561,0.975763065773055,0.388269839487049,0.0630665803718142,0.301665261861035,0.00804883472235176,0.401571227794517,0.40424988271186,1.4901039989847,0.330547614100982
"G1220A_AttB_ACE2[Luban-Sinicus]-2A-TMPRSS2_IRES_miRFP670-H2A-P2A-PuroR",0.513651655002783,0.357700566084499,0.502646351256539,0.311483484137412,0.338398824181924,0.0157125803659949,0.386033901673911,0.0877176961156179,0.540573503253065,0.279993899192009,0.486519562448417,0.271432733311339
"G1221C_AttB_ACE2[Luban-Pangolin]-2A-TMPRSS2_IRES_miRFP670-H2A-P2A-PuroR",2.98115720162214,0.353253671672908,3.06144622360179,0.215908967881902,3.08516832037927,0.021133977973807,2.87176512217426,0.00601041182694335,2.28573520096123,0.256179158358528,0.573249064342588,0.254109427728061
"G1222A_AttB_ACE2[Luban-Pig]-2A-TMPRSS2_IRES_miRFP670-H2A-P2A-PuroR",6.37721461957017,0.484639295050124,3.06813312292917,0.249667793443912,3.70909289011784,0.100764568223806,3.33059143857422,0.143975792812094,3.30614269954019,0.226537806012898,2.36753381885157,0.20922829729369
"G1224F_AttB_ACE2[mouse]-2A-TMPRSS2_IRES_miRFP670-H2A-P2A-PuroR",0.0670632819604334,1.18338649688334,1.16616525109788,0.343089837872055,1.29441470435263,0.157770881410375,1.50371412123688,0.242951638014227,0.265022921776707,0.533168292209607,2.24179911003361,0.114853078511954
"G752A_AttB_ACE2_IRES_miRFP670-H2A-P2A-PuroR",6.16286063597499,0.372883834178568,3.66573061141095,0.370174809173643,11.0905129174483,0.062168198639826,9.13095045841652,0.0267434371482621,4.6091214204657,0.366624287720059,5.99029818404159,0.281119529213795
"G755A_AttB_[koz-mut]ACE2-IRES-mCherry-H2A-P2A-PuroR",0.66809211497362,0.158718801297805,0.982164239598087,0.1302329527959,0.744087559937819,0.0659097623127209,0.829043513045654,0.0604791678113138,0.898525518058453,0.0369882145014942,1.09278477451139,0.174779140923699
"G756A_AttB_[koz-mut]ACE2[K31D]-IRES-mCherry-H2A-P2A-PuroR",0.367440325614598,0.313595275872534,0.746734315465595,0.178537595873064,0.62989956892615,0.0454693231688795,0.751758928980456,0.0456121770101658,0.696431543377474,0.137630543081108,1.53655973450131,0.281913783525046
"G757A_AttB_[koz-mut]ACE2[K353D]-IRES-mCherry-H2A-P2A-PuroR",0.405513782116026,0.317636394394361,0.739926368781212,0.108327026734867,0.475572131512651,0.0716870832505384,0.564775806611837,0.0143199597592046,0.664270869677443,0.216958966139606,0.985883849149572,0.165256150682232
"G758A_AttB_ACE2[dEcto]-IRES-mCherry-H2A-P2A-PuroR",0.321566427544096,0.289150850957997,0.349546976553091,0.280285575360255,0.478230406389306,0.0751434376508803,0.543565583277277,0.0155118222248539,0.460634944464733,0.23904569877266,0.493839215452103,0.272080855043747
"G822A_AttB_[koz-mut]ACE2[D38H]-IRES-mCherry-H2A-P2A-PuroR",0.625556864518067,0.22593849709365,0.972230687122723,0.12292847250087,0.722500689780501,0.0971450314511081,0.846229597811128,0.090787335681339,0.918005986863258,0.110557354005681,0.59670067709827,0.177983225652049
"G824D_AttB_[koz-mut]ACE2[E23K]-IRES-mCherry-H2A-P2A-PuroR",0.435649273033597,0.233572803139271,0.877085250189664,0.0837254666977194,0.649171036577881,0.0585940657864998,0.73338461155819,0.0631055950161664,0.626377962683994,0.197159406595463,1.00619030379782,0.207629196347209
"G828A_AttB_ACE2-2A-TMPRSS2_IRES_mCherry-H2A-P2A-PuroR",2.6739576475861,0.482514818319371,2.06690721707893,0.31558371798202,7.7010864371485,0.0249887697167655,6.79465506937725,0.0485919415289958,3.83245570152999,0.28578279550158,3.66597438326387,0.420792562045487
"G843A_AttB_[koz-mut]ACE2[K26E]-IRES-mCherry-H2A-P2A-PuroR",0.526816312338334,0.142140862996832,0.802111812352312,0.149033066227759,0.702309571690771,0.0945941176379529,0.707625043489195,0.0814284798679275,0.850586816122301,0.042181418973027,1.02549213359133,0.130691495440174
"G844A_AttB_[koz-mut]ACE2[I21N]-IRES-mCherry-H2A-P2A-PuroR",0.702337768623123,0.254364953870404,1.48994799531646,0.190043041081337,0.973000355062385,0.0612335303443113,1.1291754314335,0.0790531217782813,1.00309659069909,0.0269073419894469,1.29182291155074,0.212894144279168
"G845A_AttB_[koz-mut]ACE2[E329G]-IRES-mCherry-H2A-P2A-PuroR",0.559182365023083,0.165799574843798,0.905127276363745,0.174469858922718,0.854753259335624,0.0743162544769745,0.913489955956034,0.0999550763191227,0.829919289292641,0.0597660752874972,0.965477089561589,0.0928932957226932
"G846A_AttB_[koz-mut]ACE2[G352V]-IRES-mCherry-H2A-P2A-PuroR",0.505772496293947,0.205163923878781,0.805414680259742,0.0784329109797814,0.684090237866279,0.0803263309402538,0.779361125127909,0.0605743502300508,0.862498565185492,0.120199783765344,0.847996335797685,0.0819720494018768
"G849A_AttB_[koz-mut]ACE2[E35K]-IRES-mCherry-H2A-P2A-PuroR",0.56692708185425,0.188226007294326,0.827238912390377,0.189675309394122,0.596037368270563,0.0815209489165675,0.664227835934847,0.0841567906288531,0.716631219322205,0.131444049104372,0.364802632211182,0.525152403943456
"G852C_AttB_ACE2-2A-TMPRSS2_IRES_miRFP670-H2A-P2A-PuroR",3.70194897280709,0.528430282470408,3.12326465904807,0.213752913504887,3.55671973953674,0.120810729450488,2.82282131384607,0.0890639711042851,3.29609450862066,0.137068786179972,1.91554799192306,0.2671853413968
"G876C_AttB_[koz-mut]ACE2[D355N]-IRES-mCherry-H2A-P2A-PuroR",0.456268718643114,0.368169859702812,0.612454507977195,0.175094604068875,0.528591294194861,0.051220212809303,0.556062287736055,0.0235845883225783,0.681653684688635,0.199991586285187,0.473116053187826,0.303902226339592
"G877A_AttB_[koz-mut]ACE2[G326E]-IRES-mCherry-H2A-P2A-PuroR",0.616916153440896,0.237587007286448,0.958795100343862,0.0935043002322254,0.646131230719199,0.0565263353290573,0.802376285010513,0.0525787882122038,0.799029074996345,0.218074168588781,0.834725742254153,0.0729902169653117
"G879B_AttB_[koz-mut]ACE2[E329K]-IRES-mCherry-H2A-P2A-PuroR",0.156832592358847,1.00934849245748,0.18108717010627,1.35769096271126,8.40066922211134,0.0363707268976048,7.00970634368027,0.361976450245589,0.133947856821194,1.46699634597315,0.41664335892187,1.12333953323677
"G973A_AttB_ACE2[R.sinicus472+ferrum]-2A-TMPRSS2_IRES-miRFP670-P2A-PuroR",0.0508904112877128,1.08170052479106,0.064761040699852,0.74998402830842,0.210029355724234,0.0775096000553525,0.20470968278868,0.0634060386583795,0.0456755577274854,0.97022898229233,0.0578883904375685,1.5966978082889
"G974D_AttB_ACE2[R.sinicus200+ferrum]-2A-TMPRSS2_IRES-miRFP670-P2A-PuroR",0.188449361403222,0.878504998678713,1.11957980381039,0.191682134293773,3.20909434902611,0.101697465367073,3.03240619865765,0.100951738268214,0.662398785119767,0.446117667809146,1.34566090868957,0.360432243104406
"G975C_AttB_ACE2[R.sinicus215+ferrum]-2A-TMPRSS2_IRES-miRFP670-P2A-PuroR",0.260346999054415,0.792309417217887,1.41336483373245,0.446331554190395,4.29636765415712,0.00560874223366162,3.46427805526214,0.0931896179511456,0.45531407180707,0.447529596379958,0.314560292290844,0.563359406749952
"G987A_AttB_ACE2[R.affinis+ferrum]-2A-TMPRSS2_IRES-miRFP670-P2A-PuroR",3.22472556227877,0.304301394622048,2.17852856570371,0.187179518285736,3.22652534285197,0.0996835704363812,3.58257411375975,0.0442428091958875,1.88091155070521,0.200281794668373,1.85444920928752,0.259906501189619
"G988A_AttB_ACE2[R.alcyone+ferrum]-2A-TMPRSS2_IRES-miRFP670-P2A-PuroR",4.19870058957747,0.361691604397417,3.33526683690103,0.156159203747016,7.64862539111735,0.0168637054320863,5.18781447688517,0.0965409616340548,3.84611938809711,0.190565061777807,2.03935608386208,0.413603269961246
"G999D_AttB_ACE2[R.landeri+ferrum]-2A-TMPRSS2_IRES-miRFP670-P2A-PuroR",0.339371395759912,0.855262316995133,1.73611044415029,0.347054317140135,6.35417033211939,0.0926316700199538,7.12679632570944,0.0370270737944712,1.82376159052896,0.669775440747779,2.89398614369004,0.413657882868544
"J3C_AttB_ACE2[Shameli+ferrum]-2A-TMPRSS2_IRES-mCherry-P2A-PuroR",2.65373139217882,0.316710370778688,0.707035841409179,0.313799241941951,0.263374181875625,0.039620509497936,0.31503483963668,0.0738469000966273,3.46013742849073,0.0911350933353779,0.406025079258841,0.266819336710159
